groupId,name,id,urlkey
11434752,"New Technology",9696,"newtech"
11434752,"Cloud Computing",15167,"cloud-computing"
11434752,"Big Data",18062,"big-data"
11434752,"Virtualization",20479,"virtualization"
11434752,"PaaS (Platform as a Service)",31197,"paas"
11434752,"SaaS (Software as a Service)",33089,"saas-software-as-a-service"
11434752,"Computer programming",48471,"computer-programming"
11434752,"IaaS (Infrastructure as a Service)",107633,"iaas-infrastructure-as-a-service"
1818114,"Open Source",563,"opensource"
1818114,"High Scalability Computing",24410,"high-scalability-computing"
1818114,"NoSQL",58162,"nosql"
1818114,"MongoDB",121802,"mongodb"
1818114,"Using MongoDB in the cloud",140258,"using-mongodb-in-the-cloud"
11744342,"Software Development",3833,"softwaredev"
11744342,"Data Management",10494,"datamanagement"
11744342,"Cloud Computing",15167,"cloud-computing"
11744342,"Open Government",17619,"open-government"
11744342,"Big Data",18062,"big-data"
11744342,"Machine Learning",29971,"machine-learning"
11744342,"Data Analytics",30928,"data-analytics"
11744342,"Civic Engagement",37181,"civic-engagement"
11744342,"Data Visualization",37381,"data-visualization"
11744342,"Predictive Analytics",38458,"predictive-analytics"
11744342,"Data Mining",55324,"data-mining"
11744342,"Open Data",60043,"open-data"
11744342,"Data Science",102811,"data-science"
11744342,"Applied Statistics",115913,"applied-statistics"
11744342,"decision making",162239,"decision-making"
17058822,"Small Business",389,"smallbiz"
17058822,"WordPress",8304,"wordpress"
17058822,"Online Marketing",15585,"online-marketing"
17058822,"Small Business Marketing Strategy",17325,"small-business-marketing-strategy"
17058822,"SEO (Search Engine Optimization)",23199,"seo-search-engine-optimization"
17058822,"Google adWords",23478,"google-adwords"
17058822,"Data Analytics",30928,"data-analytics"
17058822,"Google Analytics",47790,"google-analytics"
17058822,"Small Business Online Marketing",84796,"small-business-online-marketing"
17319442,"Open Source",563,"opensource"
17319442,"Advertising",690,"advertising"
17319442,"Software Development",3833,"softwaredev"
17319442,"Education & Technology",7203,"edtech"
17319442,"Internet Professionals",10102,"internetpro"
17319442,"Web Technology",10209,"web"
17319442,"Technology",10579,"technology"
17319442,"Web Development",15582,"web-development"
17319442,"Online Advertising",17189,"online-advertising"
17319442,"Hadoop",18060,"hadoop"
17319442,"Big Data",18062,"big-data"
17319442,"High Scalability Computing",24410,"high-scalability-computing"
17319442,"Data Analytics",30928,"data-analytics"
17319442,"Internet Advertising and Marketing",85301,"internet-advertising-and-marketing"
17319442,"Data Science",102811,"data-science"
20135444,"Artificial Intelligence",456,"ai"
20135444,"Open Source",563,"opensource"
20135444,"New Technology",9696,"newtech"
20135444,"Business Strategy",17635,"business-strategy"
20135444,"Big Data",18062,"big-data"
20135444,"Machine Learning",29971,"machine-learning"
20135444,"Data Analytics",30928,"data-analytics"
20135444,"Data Visualization",37381,"data-visualization"
20135444,"Predictive Analytics",38458,"predictive-analytics"
20135444,"Data Mining",55324,"data-mining"
20135444,"Open Data",60043,"open-data"
20135444,"Data Science",102811,"data-science"
20135444,"Technology Startups",108403,"technology-startups"
20135444,"Big Data Analytics",383411,"big-data-analytics"
19759640,"Open Source",563,"opensource"
19759640,"Python",1064,"python"
19759640,"Finance",22467,"finance"
19759640,"Data Analytics",30928,"data-analytics"
19759640,"Predictive Analytics",38458,"predictive-analytics"
19759640,"Computer programming",48471,"computer-programming"
18315298,"Homeschooling",603,"homeschool"
18315298,"Sewing",1111,"sewing"
18315298,"Handmade Crafts",16459,"handmade-crafts"
18315298,"unschool",29710,"unschool"
18315298,"Machine Learning",29971,"machine-learning"
18315298,"Home School Support",30934,"home-school-support"
18315298,"Homeschool Support",35192,"homeschool-support"
18315298,"Hand Sewing",41945,"hand-sewing"
18315298,"Homeschool Socialization Opportunities",58446,"homeschool-socialization-opportunities"
18315298,"Sewing All Levels of Experience",1012042,"sewing-all-levels-of-experience"
18302499,"Open Source",563,"opensource"
18302499,"Database Professionals",1245,"databasepro"
18302499,"Software Development",3833,"softwaredev"
18302499,"New Technology",9696,"newtech"
18302499,"Web Technology",10209,"web"
18302499,"Cloud Computing",15167,"cloud-computing"
18302499,"iPhone",15616,"iphone"
18302499,"Mobile Technology",16216,"mobile-technology"
18302499,"Big Data",18062,"big-data"
18302499,"Android Development",20346,"android-developers"
18302499,"Mobile Development",21441,"mobile-development"
18302499,"Database Development",21506,"database-development"
18302499,"NoSQL",58162,"nosql"
18302499,"iOS Development",127567,"ios-development"
18302499,"Couchbase",1162662,"couchbase"
10338852,"Networking for Marketing Professionals",20048,"networking-for-marketing-professionals"
10338852,"Marketing Measurement",21823,"marketing-measurement"
10338852,"Data Visualization",37381,"data-visualization"
10338852,"Predictive Analytics",38458,"predictive-analytics"
10338852,"Marketing Strategy",38528,"marketing-strategy"
10338852,"Digital Marketing Professionals",100736,"digital-marketing-professionals"
10338852,"Data Science",102811,"data-science"
10338852,"Marketing Analytics",110190,"marketing-analytics"
10338852,"Digital Marketer",258432,"digital-marketer"
10338852,"Big Data Analytics",383411,"big-data-analytics"
10338852,"Digital Marketing Analytics",785142,"digital-marketing-analytics"
10338852,"Customer Analytics",1013772,"customer-analytics"
10338852,"Attribution",1063992,"attribution"
10338852,"Agile Marketing",1085592,"agile-marketing"
10338852,"Marketing Segmentation",1479192,"marketing-segmentation"
18360361,"Hadoop",18060,"hadoop"
18360361,"Big Data",18062,"big-data"
18360361,"MapReduce",27591,"mapreduce"
18360361,"Data Analytics",30928,"data-analytics"
18360361,"Predictive Analytics",38458,"predictive-analytics"
18360361,"NoSQL",58162,"nosql"
18360361,"Business Analytics",98842,"business-analytics"
18360361,"Big Data Analytics",383411,"big-data-analytics"
19745837,"System Administration",2109,"sysadmin"
19745837,"Software Development",3833,"softwaredev"
19745837,"Information Technology",15568,"information-technology"
19745837,"Big Data",18062,"big-data"
19745837,"Information Technology in Business",22239,"information-technology-in-business"
19745837,"Storage",24120,"storage"
19745837,"Computer programming",48471,"computer-programming"
19745837,"Data Storage",106353,"data-storage"
19745837,"Storage Solutions",146775,"storage-solutions"
19745837,"IT Professionals",164111,"it-professionals"
19745837,"Cloud Storage APIs",683142,"cloud-storage-apis"
19745837,"Storage Administrators",1431112,"storage-administrators"
18393654,"Open Source",563,"opensource"
18393654,"Software Development",3833,"softwaredev"
18393654,"New Technology",9696,"newtech"
18393654,"Cloud Computing",15167,"cloud-computing"
18393654,"Virtualization",20479,"virtualization"
18393654,"High Scalability Computing",24410,"high-scalability-computing"
18393654,"SaaS (Software as a Service)",33089,"saas-software-as-a-service"
18393654,"Computer programming",48471,"computer-programming"
18393654,"Private Cloud",88997,"private-cloud"
18393654,"IaaS (Infrastructure as a Service)",107633,"iaas-infrastructure-as-a-service"
18393654,"Apache CloudStack",1321332,"apache-cloudstack"
1435707,"Open Source",563,"opensource"
1435707,"Ruby",1040,"ruby"
1435707,"Web Technology",10209,"web"
1435707,"Grid Computing",10390,"gridcomputing"
1435707,"Business Intelligence",10538,"businessintell"
1435707,"Technology",10579,"technology"
1435707,"Cloud Computing",15167,"cloud-computing"
1435707,"Hadoop",18060,"hadoop"
1435707,"Big Data",18062,"big-data"
1435707,"High Scalability Computing",24410,"high-scalability-computing"
1435707,"Data Visualization",37381,"data-visualization"
1435707,"Predictive Analytics",38458,"predictive-analytics"
1435707,"Business Analytics",98842,"business-analytics"
1435707,"Data Science",102811,"data-science"
1435707,"IaaS (Infrastructure as a Service)",107633,"iaas-infrastructure-as-a-service"
16924222,"Artificial Intelligence",456,"ai"
16924222,"Hadoop",18060,"hadoop"
16924222,"Big Data",18062,"big-data"
16924222,"Natural Language Processing",24553,"natural-language-processing"
16924222,"MapReduce",27591,"mapreduce"
16924222,"Machine Learning",29971,"machine-learning"
16924222,"Data Analytics",30928,"data-analytics"
16924222,"Predictive Analytics",38458,"predictive-analytics"
16924222,"NoSQL",58162,"nosql"
16924222,"Artificial Intelligence Applications",90163,"artificial-intelligence-applications"
16924222,"Data Science",102811,"data-science"
16924222,"Algorithms",111155,"algorithms"
16924222,"Big Data Analytics",383411,"big-data-analytics"
16924222,"Algorithms and Computational Theory",962132,"algorithms-and-computational-theory"
16924222,"Deep Learning",1456952,"deep-learning"
1740863,"Artificial Intelligence",456,"ai"
1740863,"Big Data",18062,"big-data"
1740863,"Computer Science",21751,"computer-science"
1740863,"Natural Language Processing",24553,"natural-language-processing"
1740863,"Machine Learning",29971,"machine-learning"
1740863,"Predictive Analytics",38458,"predictive-analytics"
1740863,"Data Mining",55324,"data-mining"
1740863,"Data Science",102811,"data-science"
19356225,"Linux",188,"linux"
19356225,"Open Source",563,"opensource"
19356225,"Cloud Computing",15167,"cloud-computing"
19356225,"Network Security",15472,"network-security"
19356225,"Information Technology",15568,"information-technology"
19356225,"Mobile Technology",16216,"mobile-technology"
19356225,"Big Data",18062,"big-data"
19356225,"Information Technology in Business",22239,"information-technology-in-business"
19356225,"Technology Startups",108403,"technology-startups"
19356225,"Computer Security",124668,"computer-security"
11488322,"Business Intelligence",10538,"businessintell"
11488322,"Big Data",18062,"big-data"
11488322,"Entrepreneurship",19882,"entrepreneurship"
11488322,"Startup Businesses",21681,"startup-businesses"
11488322,"Machine Learning",29971,"machine-learning"
11488322,"Data Analytics",30928,"data-analytics"
11488322,"Data Visualization",37381,"data-visualization"
11488322,"Predictive Analytics",38458,"predictive-analytics"
11488322,"Data Mining",55324,"data-mining"
11488322,"Data Science",102811,"data-science"
11488322,"Applied Statistics",115913,"applied-statistics"
4897862,"Web Design",659,"webdesign"
4897862,"Software Development",3833,"softwaredev"
4897862,"Salesforce.com",10464,"salesforce"
4897862,"Cloud Computing",15167,"cloud-computing"
4897862,"Web Development",15582,"web-development"
4897862,"High Scalability Computing",24410,"high-scalability-computing"
4897862,"PaaS (Platform as a Service)",31197,"paas"
4897862,"SaaS (Software as a Service)",33089,"saas-software-as-a-service"
4897862,"Computer programming",48471,"computer-programming"
4897862,"IaaS (Infrastructure as a Service)",107633,"iaas-infrastructure-as-a-service"
8923722,"Soccer",947,"soccer"
8923722,"Basketball",3597,"basketball"
8923722,"Software Development",3833,"softwaredev"
8923722,"Cloud Computing",15167,"cloud-computing"
8923722,"Big Data",18062,"big-data"
8923722,"Machine Learning",29971,"machine-learning"
8923722,"Data Analytics",30928,"data-analytics"
8923722,"Data Visualization",37381,"data-visualization"
8923722,"Image Processing",47490,"image-processing"
8923722,"Computer programming",48471,"computer-programming"
8923722,"Data Mining",55324,"data-mining"
8923722,"Computer Vision",126717,"computer-vision"
19782731,"Artificial Intelligence",456,"ai"
19782731,"Robotics",682,"robotics"
19782731,"Software Development",3833,"softwaredev"
19782731,"New Technology",9696,"newtech"
19782731,"Interaction Design",10110,"ixd"
19782731,"Big Data",18062,"big-data"
19782731,"User Experience",19243,"user-experience"
19782731,"Natural Language Processing",24553,"natural-language-processing"
19782731,"Machine Learning",29971,"machine-learning"
19782731,"Automation",93380,"automation"
19782731,"Data Science",102811,"data-science"
19782731,"Technology Startups",108403,"technology-startups"
19782731,"Personal robots",113888,"personal-robots"
19782731,"Humanoid Robots",135858,"humanoid-robots"
19782731,"Bots",1508598,"bots"
19973709,"Science",85,"science"
19973709,"Storytelling",9429,"storytelling"
19973709,"Business Intelligence",10538,"businessintell"
19973709,"Open Government",17619,"open-government"
19973709,"Big Data",18062,"big-data"
19973709,"Data Analytics",30928,"data-analytics"
19973709,"Data Visualization",37381,"data-visualization"
19973709,"Science Education",40874,"science-education"
19973709,"Future of Journalism",59999,"future-of-journalism"
19973709,"Future of News",60000,"futureofnews"
19973709,"Open Data",60043,"open-data"
19973709,"Data Science",102811,"data-science"
19973709,"Data Journalism",118765,"data-journalism"
19973709,"Digital Journalism",146540,"digital-journalism"
19973709,"Civic Engagement & Technology",728662,"civic-engagement-technology"
18195028,"Business Intelligence",10538,"businessintell"
18195028,"Hadoop",18060,"hadoop"
18195028,"Big Data",18062,"big-data"
18195028,"Machine Learning",29971,"machine-learning"
18195028,"Data Analytics",30928,"data-analytics"
18195028,"Data Mining",55324,"data-mining"
18195028,"Data Science",102811,"data-science"
18195028,"Data Scientist",1440132,"data-scientist"
18486869,"Big Data",18062,"big-data"
18486869,"Data Analytics",30928,"data-analytics"
18486869,"Google Analytics",47790,"google-analytics"
18486869,"Google Analytics Discussion",98610,"google-analytics-discussion"
18486869,"Business Analytics",98842,"business-analytics"
18486869,"Big Data Analytics",383411,"big-data-analytics"
18486869,"Google Tag Manager",1489682,"google-tag-manager"
3135062,"Big Data",18062,"big-data"
3135062,"Database Development",21506,"database-development"
3135062,"Application Development",36167,"application-development"
3135062,"Erlang Programming",46514,"erlang-programming"
3135062,"NoSQL",58162,"nosql"
3135062,"Riak",112355,"riak"
3135062,"Distributed Systems",113032,"distributed-systems"
19286457,"Marketing",1238,"marketing"
19286457,"Product Design",2993,"productdesign"
19286457,"Mobile Marketing",15208,"mobile-marketing"
19286457,"Online Marketing",15585,"online-marketing"
19286457,"Small Business Marketing Strategy",17325,"small-business-marketing-strategy"
19286457,"Search Engine Marketing",17601,"search-engine-marketing"
19286457,"User Experience",19243,"user-experience"
19286457,"Content Strategy",24417,"content-strategy"
19286457,"Usability",26938,"usability"
19286457,"Data Visualization",37381,"data-visualization"
19286457,"Predictive Analytics",38458,"predictive-analytics"
19286457,"User Research",49541,"user-research"
19286457,"Data Science",102811,"data-science"
19286457,"UI Design",107583,"ui-design"
19286457,"Growth Hacking",1277602,"growth-hacking"
20133464,"Aviation",237,"aviation"
20133464,"Industrial Design",10249,"inddesign"
20133464,"Cloud Computing",15167,"cloud-computing"
20133464,"Transportation",17797,"transportation"
20133464,"Energy",21396,"energy"
20133464,"Internet of Things",79740,"internet-of-things"
20133464,"Healthcare Innovation",154951,"healthcare-innovation"
20133464,"Big Data Analytics",383411,"big-data-analytics"
20133464,"Smart Sensors",871222,"smart-sensors"
20133464,"M2M",1260942,"m2m"
20133464,"Industrial Internet of Things",1505320,"industrial-internet-of-things"
12753252,"Open Source",563,"opensource"
12753252,"Hadoop",18060,"hadoop"
12753252,"Big Data",18062,"big-data"
12753252,"High Scalability Computing",24410,"high-scalability-computing"
12753252,"Machine Learning",29971,"machine-learning"
12753252,"Data Analytics",30928,"data-analytics"
12753252,"Data Visualization",37381,"data-visualization"
12753252,"Predictive Analytics",38458,"predictive-analytics"
12753252,"Data Mining",55324,"data-mining"
12753252,"NoSQL",58162,"nosql"
12753252,"HBase",61680,"hbase"
12753252,"Big Data Analytics",383411,"big-data-analytics"
12753252,"Apache Spark",1471442,"apache-spark"
18033242,"Statistical Computing",15280,"statistical-computing"
18033242,"Programming Languages",17628,"programming-languages"
18033242,"Data Analytics",30928,"data-analytics"
18033242,"Data Visualization",37381,"data-visualization"
18033242,"Predictive Analytics",38458,"predictive-analytics"
18033242,"Computer programming",48471,"computer-programming"
18033242,"Data Science",102811,"data-science"
18033242,"Applied Statistics",115913,"applied-statistics"
18033242,"Scientific Computing",135136,"scientific-computing"
18033242,"scientists",632892,"scientists"
18033242,"Julia",1431672,"julia"
18033242,"Data Scientist",1440132,"data-scientist"
18710107,"Open Source",563,"opensource"
18710107,"Web Technology",10209,"web"
18710107,"Business Intelligence",10538,"businessintell"
18710107,"Cloud Computing",15167,"cloud-computing"
18710107,"Big Data",18062,"big-data"
18710107,"Sales Management",18345,"sales-management"
18710107,"Sales Professionals",19256,"sales-professionals"
18710107,"SaaS (Software as a Service)",33089,"saas-software-as-a-service"
18710107,"Deliver an Impressive Sales Presentation",53841,"deliver-an-impressive-sales-presentation"
18710107,"Technology Sales Professionals",162599,"technology-sales-professionals"
18710107,"Big Data Analytics",383411,"big-data-analytics"
18710107,"Sales Engineering",983512,"sales-engineering"
18710107,"Solution Architect",1439972,"solution-architect"
18710107,"Technical Sales",1480942,"technical-sales"
18710107,"Presales",1504126,"presales"
19091642,"Python",1064,"python"
19091642,"Futures Trading",16268,"futures-trading"
19091642,"Currency Trading",16269,"currency-trading"
19091642,"Technical Analysis",17232,"technical-analysis"
19091642,"Trading",26906,"trading"
19091642,"Machine Learning",29971,"machine-learning"
19091642,"Quantitative Finance",34637,"quantitative-finance"
19091642,"Algorithmic Trading",37627,"algorithmic-trading"
19091642,"Predictive Analytics",38458,"predictive-analytics"
19091642,"neural networks",39679,"neural-networks"
19091642,"Futures Market",47429,"futures-market"
19091642,"Quantitative Analysis",54631,"quantitative-analysis"
19091642,"Matlab",73744,"matlab"
19091642,"Big Data Analytics",383411,"big-data-analytics"
19091642,"Quants",888662,"quants"
19103330,"Media",1702,"media"
19103330,"Sports Business",9859,"sportsbiz"
19103330,"Video Streaming",17314,"video-streaming"
19103330,"Gaming",18071,"gaming"
19103330,"Virtual Reality",26062,"virtual-reality"
19103330,"Fantasy Sports",27642,"fantasy-sports"
19103330,"Data Analytics",30928,"data-analytics"
19103330,"Venture Capital",38968,"venture-capital"
19103330,"Sports Marketing and Media",95515,"sports-marketing-and-media"
19103330,"Sports and Entertainment",102303,"sports-and-entertainment"
19103330,"Technology Startups",108403,"technology-startups"
19103330,"Internet Startups",128595,"internet-startups"
19103330,"Digital Health",154954,"digital-health"
19103330,"Bring Angel Investors and Startups Together",155621,"bring-angel-investors-and-startups-together"
19103330,"Wearable Technologies",454182,"wearable-technologies"
18511466,"Scala",17936,"scala"
18511466,"Big Data",18062,"big-data"
18511466,"Functional Programming",22792,"functional-programming"
18511466,"High Scalability Computing",24410,"high-scalability-computing"
18511466,"Distributed Scala Programming",161129,"distributed-scala-programming"
18511466,"Play Framework",420862,"play-framework"
18511466,"Akka",517602,"akka"
18511466,"Functional Reactive Programming",1504879,"functional-reactive-programming"
20105839,"Python",1064,"python"
20105839,"Data Analytics",30928,"data-analytics"
20105839,"Predictive Analytics",38458,"predictive-analytics"
20105839,"Data Mining",55324,"data-mining"
20105839,"Data Science",102811,"data-science"
20105839,"Programming in R",115768,"programming-in-r"
20105839,"Applied Statistics",115913,"applied-statistics"
16378992,"Open Source",563,"opensource"
16378992,"Python",1064,"python"
16378992,"Web Development",15582,"web-development"
16378992,"Big Data",18062,"big-data"
16378992,"Machine Learning",29971,"machine-learning"
16378992,"Data Analytics",30928,"data-analytics"
16378992,"Data Visualization",37381,"data-visualization"
16378992,"Predictive Analytics",38458,"predictive-analytics"
16378992,"Computer programming",48471,"computer-programming"
16378992,"Data Mining",55324,"data-mining"
16378992,"Data Science",102811,"data-science"
20172406,"Big Data",18062,"big-data"
20172406,"Santa Monica",24677,"santa-monica"
20172406,"Machine Learning",29971,"machine-learning"
20172406,"Data Analytics",30928,"data-analytics"
20172406,"Data Visualization",37381,"data-visualization"
20172406,"Predictive Analytics",38458,"predictive-analytics"
20172406,"Data Mining",55324,"data-mining"
20172406,"Open Data",60043,"open-data"
20172406,"Smart City",72764,"smart-city"
20172406,"Data Science",102811,"data-science"
20172406,"Data Analysis and Modeling",110935,"data-analysis-and-modeling"
20172406,"Applied Statistics",115913,"applied-statistics"
20172406,"Sustainable Cities",146918,"sustainable-cities"
20172406,"Smart cities",205341,"smart-cities"
20172406,"Data Analysis",890232,"data-analysis"
20101241,"Law & Technology",404,"lawtech"
20101241,"Open Source Intelligence",8192,"osint"
20101241,"Social Intelligence",19733,"social-intelligence"
20101241,"Foreign Policy Topics",21853,"foreign-policy-topics"
20101241,"Predictive Analytics",38458,"predictive-analytics"
20101241,"International Affairs",39241,"international-affairs"
20101241,"National Security",66942,"national-security"
20101241,"Threat Analysis",67047,"threat-analysis"
20101241,"Data Privacy",95904,"data-privacy"
20101241,"Cloud Security",110474,"cloud-security"
20101241,"National Defense",132400,"national-defense"
20101241,"Decision Tools and Processes",1505452,"decision-tools-and-processes"
20101241,"Cognitive Computing",1505468,"cognitive-computing"
20101241,"critical infrastructure protection",1507339,"critical-infrastructure-protection"
13365372,"New Technology",9696,"newtech"
13365372,"Home Automation",10386,"homeautomation"
13365372,"Big Data",18062,"big-data"
13365372,"Entrepreneurship",19882,"entrepreneurship"
13365372,"Emerging Technologies",69962,"emerging-technologies"
13365372,"Internet of Things",79740,"internet-of-things"
13365372,"Hardware",86985,"hardware"
13365372,"Data Science",102811,"data-science"
13365372,"Technology Startups",108403,"technology-startups"
13365372,"Wearable Technologies",454182,"wearable-technologies"
13365372,"IOT hacking",796962,"iot-hacking"
13365372,"Smart Sensors",871222,"smart-sensors"
13365372,"Connected Objects",978122,"connected-objects"
19803775,"Professional Development",3880,"prodev"
19803775,"Education & Technology",7203,"edtech"
19803775,"New Technology",9696,"newtech"
19803775,"Intellectual Discussion",15083,"intellectual-discussion"
19803775,"Big Data",18062,"big-data"
19803775,"Collaboration between Creative Minds",29526,"collaboration-between-creative-minds"
19803775,"Data Science",102811,"data-science"
19803775,"Big Data Analytics",383411,"big-data-analytics"
19311232,"Education & Technology",7203,"edtech"
19311232,"Mobile Technology",16216,"mobile-technology"
19311232,"Big Data",18062,"big-data"
19311232,"Mobile Development",21441,"mobile-development"
19311232,"Computer Science",21751,"computer-science"
19311232,"Data Analytics",30928,"data-analytics"
19311232,"Data Science",102811,"data-science"
9505412,"Software Development",3833,"softwaredev"
9505412,"Cloud Computing",15167,"cloud-computing"
9505412,"Hadoop",18060,"hadoop"
9505412,"Big Data",18062,"big-data"
9505412,"MapReduce",27591,"mapreduce"
9505412,"Machine Learning",29971,"machine-learning"
9505412,"Data Analytics",30928,"data-analytics"
9505412,"Data Visualization",37381,"data-visualization"
9505412,"Data Mining",55324,"data-mining"
9505412,"NoSQL",58162,"nosql"
9505412,"IBM",71289,"ibm"
9505412,"Business Analytics",98842,"business-analytics"
9505412,"Big Data Analytics",383411,"big-data-analytics"
9505412,"BigDataDevelopers",1482432,"bigdatadevelopers"
6023532,"Hadoop",18060,"hadoop"
6023532,"Map Reduce",18061,"map-reduce"
6023532,"Big Data",18062,"big-data"
6023532,"MapReduce",27591,"mapreduce"
6023532,"Data Analytics",30928,"data-analytics"
6023532,"Data Mining",55324,"data-mining"
6023532,"NoSQL",58162,"nosql"
6023532,"Hive",61679,"hive"
6023532,"HBase",61680,"hbase"
6023532,"Business Analytics",98842,"business-analytics"
6023532,"Apache Flume (incubating)",479152,"apache-flume-incubating"
6023532,"APache HBase",1116052,"apache-hbase"
6023532,"Apache Hive",1116062,"apache-hive"
6023532,"Apache Sqoop",1116072,"apache-sqoop"
20269708,"Artificial Intelligence",456,"ai"
20269708,"Python",1064,"python"
20269708,"Statistical Computing",15280,"statistical-computing"
20269708,"Natural Language Processing",24553,"natural-language-processing"
20269708,"Machine Learning",29971,"machine-learning"
20269708,"Data Analytics",30928,"data-analytics"
20269708,"Data Visualization",37381,"data-visualization"
20269708,"Predictive Analytics",38458,"predictive-analytics"
20269708,"Data Mining",55324,"data-mining"
20269708,"Statistical Education",93049,"statistical-education"
20269708,"R Project for Statistical Computing",98380,"r-project-for-statistical-computing"
20269708,"Data Science",102811,"data-science"
20269708,"Applied Statistics",115913,"applied-statistics"
20269708,"Bayesian Statistics",1103372,"bayesian-statistics"
18213058,"Open Source",563,"opensource"
18213058,"Software Development",3833,"softwaredev"
18213058,"JavaScript",7029,"javascript"
18213058,"Cloud Computing",15167,"cloud-computing"
18213058,"Professional Networking",15720,"professional-networking"
18213058,"Big Data",18062,"big-data"
18213058,"Entrepreneurship",19882,"entrepreneurship"
18213058,"Amazon Web Services",20398,"amazon-web-services"
18213058,"Mobile Development",21441,"mobile-development"
18213058,"Lean Startup",38660,"lean-startup"
18213058,"Computer programming",48471,"computer-programming"
18213058,"HTML5",78565,"html5"
18213058,"nodeJS",101960,"nodejs"
18213058,"Technology Startups",108403,"technology-startups"
20182674,"Business Intelligence",10538,"businessintell"
20182674,"Big Data",18062,"big-data"
20182674,"Data Analytics",30928,"data-analytics"
20182674,"Data Visualization",37381,"data-visualization"
20182674,"Predictive Analytics",38458,"predictive-analytics"
20182674,"Data Mining",55324,"data-mining"
20182674,"Data Science",102811,"data-science"
20182674,"Data Analysis and Modeling",110935,"data-analysis-and-modeling"
20182674,"Big Data Analytics",383411,"big-data-analytics"
6231892,"Java",189,"java"
6231892,"Ruby",1040,"ruby"
6231892,"EC2",15166,"ec2"
6231892,"Hadoop",18060,"hadoop"
6231892,"Amazon Web Services",20398,"amazon-web-services"
6231892,"Ruby On Rails",20837,"ruby-on-rails"
6231892,"Enterprise Search",22034,"enterprise-search"
6231892,"Search, Information Retrieval",29969,"search-information-retrieval"
6231892,"Machine Learning",29971,"machine-learning"
6231892,"Lucene Solr Nutch Mahout and Open Source Search",29973,"lucene-solr-nutch-mahout-and-open-source-search"
6231892,"Solr",77841,"solr"
6231892,"information Retrieval",227861,"information-retrieval"
6231892,"AWS S3",961842,"aws-s3"
6231892,"AWS Programming and Tools",1237482,"aws-programming-and-tools"
6231892,"Apache Lucene",1498302,"apache-lucene"
19678916,"Data Management",10494,"datamanagement"
19678916,"Big Data",18062,"big-data"
19678916,"Database Development",21506,"database-development"
19678916,"Startup Businesses",21681,"startup-businesses"
19678916,"Data Analytics",30928,"data-analytics"
19678916,"Data Visualization",37381,"data-visualization"
19678916,"Open Data",60043,"open-data"
19678916,"Big Data Analytics",383411,"big-data-analytics"
20132463,"Software Development",3833,"softwaredev"
20132463,"iPhone",15616,"iphone"
20132463,"Mobile Technology",16216,"mobile-technology"
20132463,"Android",19724,"android"
20132463,"Android Development",20346,"android-developers"
20132463,"Mobile Development",21441,"mobile-development"
20132463,"Data Analytics",30928,"data-analytics"
20132463,"iOS",106382,"ios"
20132463,"iOS Development",127567,"ios-development"
20132463,"iPhone App Developers Community",130744,"iphone-app-developers-community"
20132463,"App developers",303571,"app-developers"
20132463,"Android App Design",515662,"android-app-design"
20132463,"iPhone and Android Game App Developers",596272,"iphone-and-android-game-app-developers"
20132463,"iOS Game Development",927032,"ios-game-development"
20132463,"Mobile App Development",1068282,"mobile-app-development"
16676512,"Hadoop",18060,"hadoop"
16676512,"Big Data",18062,"big-data"
16676512,"High Scalability Computing",24410,"high-scalability-computing"
16676512,"MapReduce",27591,"mapreduce"
16676512,"Data Analytics",30928,"data-analytics"
16676512,"Data Visualization",37381,"data-visualization"
16676512,"Predictive Analytics",38458,"predictive-analytics"
16676512,"Data Mining",55324,"data-mining"
16676512,"NoSQL",58162,"nosql"
16676512,"Data Science",102811,"data-science"
16676512,"Big Data Analytics",383411,"big-data-analytics"
18648751,"Artificial Intelligence",456,"ai"
18648751,"Robotics",682,"robotics"
18648751,"Big Data",18062,"big-data"
18648751,"Natural Language Processing",24553,"natural-language-processing"
18648751,"Machine Learning",29971,"machine-learning"
18648751,"neural networks",39679,"neural-networks"
18648751,"Data Mining",55324,"data-mining"
18648751,"Deep Learning",1456952,"deep-learning"
18549428,"Web Design",659,"webdesign"
18549428,"Software Development",3833,"softwaredev"
18549428,"New Technology",9696,"newtech"
18549428,"Internet Professionals",10102,"internetpro"
18549428,"Web Technology",10209,"web"
18549428,"Technology",10579,"technology"
18549428,"Cloud Computing",15167,"cloud-computing"
18549428,"Web Development",15582,"web-development"
18549428,"Mobile Technology",16216,"mobile-technology"
18549428,"Big Data",18062,"big-data"
18549428,"Mobile Development",21441,"mobile-development"
18549428,"Database Development",21506,"database-development"
18549428,"Networking for Job Seekers",21836,"networking-for-job-seekers"
18549428,"Job Search",21900,"job-search"
18549428,"iOS Development",127567,"ios-development"
6497652,"Big Data",18062,"big-data"
6497652,"Linked Data",24778,"linked-data"
6497652,"NoSQL",58162,"nosql"
6497652,"Neo4j",179941,"neo4j"
6497652,"Graph Databases",193021,"graph-databases"
6497652,"Data Structures",193031,"data-structures"
6497652,"Data",480642,"data"
20024506,"Business Intelligence",10538,"businessintell"
20024506,"CRM",15242,"crm"
20024506,"Online Marketing",15585,"online-marketing"
20024506,"Search Engine Marketing",17601,"search-engine-marketing"
20024506,"Social Media Marketing",17742,"social-media-marketing"
20024506,"Entrepreneurship",19882,"entrepreneurship"
20024506,"Entrepreneur Networking",20060,"business-entrepreneur-networking"
20024506,"Digital Marketing",22773,"digital-marketing"
20024506,"SEO (Search Engine Optimization)",23199,"seo-search-engine-optimization"
20024506,"Google adWords",23478,"google-adwords"
20024506,"Machine Learning",29971,"machine-learning"
20024506,"Data Analytics",30928,"data-analytics"
20024506,"PPC - Paid Search",41738,"ppc-paid-search"
20024506,"Google Analytics",47790,"google-analytics"
20024506,"Digital Marketing Analytics",785142,"digital-marketing-analytics"
1327292,"Open Source",563,"opensource"
1327292,"Ruby",1040,"ruby"
1327292,"Python",1064,"python"
1327292,"Graphical User Interfaces",1081,"gui"
1327292,"Software Development",3833,"softwaredev"
1327292,"Rich Internet Applications",9886,"ria"
1327292,"Technology",10579,"technology"
1327292,"Cloud Computing",15167,"cloud-computing"
1327292,"Mobile Technology",16216,"mobile-technology"
1327292,"Hadoop",18060,"hadoop"
1327292,"Big Data",18062,"big-data"
1327292,"Mobile Development",21441,"mobile-development"
1327292,"Agile Project Management",21549,"agile-project-management"
1327292,"Solr",77841,"solr"
1327292,"Cassandra",77842,"cassandra"
18381002,"Software Development",3833,"softwaredev"
18381002,"Education & Technology",7203,"edtech"
18381002,"Intellectual Discussion",15083,"intellectual-discussion"
18381002,"Cloud Computing",15167,"cloud-computing"
18381002,"Critical Thinking",15544,"critical-thinking"
18381002,"Programming Languages",17628,"programming-languages"
18381002,"Big Data",18062,"big-data"
18381002,"Computer Science",21751,"computer-science"
18381002,"Computer programming",48471,"computer-programming"
18381002,"Distributed Systems",113032,"distributed-systems"
7001282,"Software Development",3833,"softwaredev"
7001282,"Business Intelligence",10538,"businessintell"
7001282,"Statistical Computing",15280,"statistical-computing"
7001282,"Hadoop",18060,"hadoop"
7001282,"Big Data",18062,"big-data"
7001282,"MapReduce",27591,"mapreduce"
7001282,"Machine Learning",29971,"machine-learning"
7001282,"Data Analytics",30928,"data-analytics"
7001282,"Data Visualization",37381,"data-visualization"
7001282,"Predictive Analytics",38458,"predictive-analytics"
7001282,"Data Mining",55324,"data-mining"
7001282,"R Project for Statistical Computing",98380,"r-project-for-statistical-computing"
7001282,"Data Science",102811,"data-science"
7001282,"Applied Statistics",115913,"applied-statistics"
7001282,"Big Data Analytics",383411,"big-data-analytics"
18508995,"Open Source",563,"opensource"
18508995,"Python",1064,"python"
18508995,"Software Development",3833,"softwaredev"
18508995,"New Technology",9696,"newtech"
18508995,"Internet Professionals",10102,"internetpro"
18508995,"Technology",10579,"technology"
18508995,"Hadoop",18060,"hadoop"
18508995,"Big Data",18062,"big-data"
18508995,"Technology Professionals",22203,"technology-professionals"
18508995,"Machine Learning",29971,"machine-learning"
18508995,"Computer programming",48471,"computer-programming"
18508995,"Technology Startups",108403,"technology-startups"
18508995,"Big Data Analytics",383411,"big-data-analytics"
18508995,"Big Data for social media",1056662,"big-data-for-social-media"
6271172,"Open Source",563,"opensource"
6271172,"Software Development",3833,"softwaredev"
6271172,"Nightlife",4392,"nightlife"
6271172,"Live Music",8652,"livemusic"
6271172,"New Technology",9696,"newtech"
6271172,"Card Games",9792,"cardgame"
6271172,"Web Technology",10209,"web"
6271172,"Web Development",15582,"web-development"
6271172,"Adventure",15892,"adventure"
6271172,"Hadoop",18060,"hadoop"
6271172,"Big Data",18062,"big-data"
6271172,"Board Games",19585,"board-games"
6271172,"Data Analytics",30928,"data-analytics"
6271172,"Game Night",40126,"game-night"
6271172,"Computer programming",48471,"computer-programming"
12372682,"Open Source",563,"opensource"
12372682,"Business Intelligence",10538,"businessintell"
12372682,"Hadoop",18060,"hadoop"
12372682,"Big Data",18062,"big-data"
12372682,"High Scalability Computing",24410,"high-scalability-computing"
12372682,"MapReduce",27591,"mapreduce"
12372682,"Data Analytics",30928,"data-analytics"
12372682,"Predictive Analytics",38458,"predictive-analytics"
12372682,"Data Mining",55324,"data-mining"
12372682,"NoSQL",58162,"nosql"
12372682,"High Performance Computing",77687,"high-performance-computing"
12372682,"Big Data Analytics",383411,"big-data-analytics"
12372682,"What's new with BIG DATA?",601702,"whats-new-with-big-data"
5334732,"Artificial Intelligence",456,"ai"
5334732,"Robotics",682,"robotics"
5334732,"Electronics",7848,"electronics"
5334732,"New Technology",9696,"newtech"
5334732,"Microcontrollers",9903,"microcontroller"
5334732,"Hardware Engineering",18813,"hardware-engineering"
5334732,"Machine Learning",29971,"machine-learning"
5334732,"Arduino",39012,"arduino"
5334732,"Computer programming",48471,"computer-programming"
5334732,"Robots",72762,"robots"
5334732,"Hardware",86985,"hardware"
5334732,"Hardware Hacks & Gadgeteering",164824,"hardware-hacks-gadgeteering"
5334732,"Hardware Startups",1016452,"hardware-startups"
5334732,"Raspberry Pi",1216152,"raspberry-pi"
20274893,"Google",6490,"google"
20274893,"Cloud Computing",15167,"cloud-computing"
20274893,"Big Data",18062,"big-data"
20274893,"Machine Learning",29971,"machine-learning"
20274893,"PaaS (Platform as a Service)",31197,"paas"
20274893,"DevOps",87614,"devops"
20274893,"Google App Engine",90143,"google-app-engine"
20274893,"IaaS (Infrastructure as a Service)",107633,"iaas-infrastructure-as-a-service"
20274893,"Cloud Security",110474,"cloud-security"
20274893,"Google Cloud Platform",1475932,"google-cloud-platform"
2649302,"Java",189,"java"
2649302,"Open Source",563,"opensource"
2649302,"Database Professionals",1245,"databasepro"
2649302,"Software Development",3833,"softwaredev"
2649302,"Technology",10579,"technology"
2649302,"Cloud Computing",15167,"cloud-computing"
2649302,"Hadoop",18060,"hadoop"
2649302,"Big Data",18062,"big-data"
2649302,"High Scalability Computing",24410,"high-scalability-computing"
2649302,"Computer programming",48471,"computer-programming"
2649302,"NoSQL",58162,"nosql"
2649302,"Cassandra",77842,"cassandra"
2649302,"MongoDB",121802,"mongodb"
2649302,"Couchbase",1162662,"couchbase"
14947032,"Web Technology",10209,"web"
14947032,"Search Engine Marketing",17601,"search-engine-marketing"
14947032,"Entrepreneurship",19882,"entrepreneurship"
14947032,"Startup Businesses",21681,"startup-businesses"
14947032,"Lean Startup",38660,"lean-startup"
14947032,"Data Mining",55324,"data-mining"
14947032,"Technology Startups",108403,"technology-startups"
14947032,"Internet Startups",128595,"internet-startups"
14947032,"Customer Acquisition",134917,"customer-acquisition"
14947032,"Startup marketing",169142,"startup-marketing"
14947032,"Web Crawling And Scraping",764722,"web-crawling-and-scraping"
14947032,"Growth Hacking",1277602,"growth-hacking"
18694361,"Python",1064,"python"
18694361,"Hadoop",18060,"hadoop"
18694361,"Map Reduce",18061,"map-reduce"
18694361,"Big Data",18062,"big-data"
18694361,"Machine Learning",29971,"machine-learning"
18694361,"Data Analytics",30928,"data-analytics"
18694361,"Data Visualization",37381,"data-visualization"
18694361,"Predictive Analytics",38458,"predictive-analytics"
18694361,"neural networks",39679,"neural-networks"
18694361,"Data Mining",55324,"data-mining"
18694361,"Machine Intelligence",98137,"machine-intelligence"
18694361,"Data Science",102811,"data-science"
18694361,"Applied Statistics",115913,"applied-statistics"
18694361,"Big Data Analytics",383411,"big-data-analytics"
18694361,"Data Science using Python",1481522,"data-science-using-python"
20359899,"Web Design",659,"webdesign"
20359899,"Robotics",682,"robotics"
20359899,"Innovation",1954,"innovation"
20359899,"Software Development",3833,"softwaredev"
20359899,"Professional Development",3880,"prodev"
20359899,"New Technology",9696,"newtech"
20359899,"Technology",10579,"technology"
20359899,"Social Media",15401,"social-media"
20359899,"Web Development",15582,"web-development"
20359899,"Mobile Technology",16216,"mobile-technology"
20359899,"Big Data",18062,"big-data"
20359899,"User Experience",19243,"user-experience"
20359899,"Entrepreneurship",19882,"entrepreneurship"
20359899,"Computer programming",48471,"computer-programming"
20359899,"UX Design",61781,"ux-design"
14431452,"Open Source",563,"opensource"
14431452,"Software Development",3833,"softwaredev"
14431452,"New Technology",9696,"newtech"
14431452,"Web Technology",10209,"web"
14431452,"Cloud Computing",15167,"cloud-computing"
14431452,"Big Data",18062,"big-data"
14431452,"High Scalability Computing",24410,"high-scalability-computing"
14431452,"Data Center and Operations Automation",46831,"data-center-and-operations-automation"
14431452,"DevOps",87614,"devops"
14431452,"Distributed Systems",113032,"distributed-systems"
14431452,"distributed computing",586642,"distributed-computing"
19312089,"Java",189,"java"
19312089,"Education & Technology",7203,"edtech"
19312089,"Hadoop",18060,"hadoop"
19312089,"Android Development",20346,"android-developers"
19312089,"Computer programming",48471,"computer-programming"
19024103,"Linux",188,"linux"
19024103,"Open Source",563,"opensource"
19024103,"Database Professionals",1245,"databasepro"
19024103,"Social Media",15401,"social-media"
19024103,"Big Data",18062,"big-data"
19024103,"Database Development",21506,"database-development"
19024103,"High Scalability Computing",24410,"high-scalability-computing"
19024103,"NoSQL",58162,"nosql"
19024103,"Redis",77379,"redis"
19024103,"DevOps",87614,"devops"
19024103,"Website Optimization",96611,"website-optimization"
19024103,"MongoDB",121802,"mongodb"
19024103,"Web Operations",230341,"web-operations"
19024103,"memcached",640272,"memcached"
19923689,"Open Source",563,"opensource"
19923689,"Web Design",659,"webdesign"
19923689,"New Technology",9696,"newtech"
19923689,"Scrum",10043,"scrum"
19923689,"Hadoop",18060,"hadoop"
19923689,"Big Data",18062,"big-data"
19923689,"Agile Project Management",21549,"agile-project-management"
19923689,"Cassandra",77842,"cassandra"
19923689,"HTML5",78565,"html5"
19923689,"CSS3",78566,"css3"
19923689,"JavaScript Frameworks",85951,"javascript-frameworks"
19923689,"Front-end Development",100479,"front-end-development"
19923689,"nodeJS",101960,"nodejs"
19923689,"Multivariate Testing",471682,"multivariate-testing"
19923689,"ReactJS",1504812,"reactjs"
18938602,"Artificial Intelligence",456,"ai"
18938602,"Interaction Design",10110,"ixd"
18938602,"User Experience",19243,"user-experience"
18938602,"Computer Science",21751,"computer-science"
18938602,"High Scalability Computing",24410,"high-scalability-computing"
18938602,"Machine Learning",29971,"machine-learning"
18938602,"Data Analytics",30928,"data-analytics"
18938602,"Data Visualization",37381,"data-visualization"
18938602,"Predictive Analytics",38458,"predictive-analytics"
18938602,"User Research",49541,"user-research"
18938602,"UX Design",61781,"ux-design"
18938602,"Data Science",102811,"data-science"
18938602,"Algorithms",111155,"algorithms"
18938602,"Mobile User Experience",122974,"mobile-user-experience"
18938602,"Deep Learning",1456952,"deep-learning"
11432172,"Open Source",563,"opensource"
11432172,"Software Development",3833,"softwaredev"
11432172,"New Technology",9696,"newtech"
11432172,"Cloud Computing",15167,"cloud-computing"
11432172,"Web Development",15582,"web-development"
11432172,"Technology Professionals",22203,"technology-professionals"
11432172,"Data Analytics",30928,"data-analytics"
11432172,"Computer programming",48471,"computer-programming"
11432172,"NoSQL",58162,"nosql"
11432172,"Solr",77841,"solr"
11432172,"Distributed Systems",113032,"distributed-systems"
11432172,"distributed computing",586642,"distributed-computing"
11432172,"Elasticsearch",1058992,"elasticsearch"
11432172,"Apache Lucene",1498302,"apache-lucene"
20105769,"Hadoop",18060,"hadoop"
20105769,"Big Data",18062,"big-data"
20105769,"Machine Learning",29971,"machine-learning"
20105769,"Data Analytics",30928,"data-analytics"
20105769,"Predictive Analytics",38458,"predictive-analytics"
20105769,"Data Mining",55324,"data-mining"
19769595,"Python",1064,"python"
19769595,"Business Intelligence",10538,"businessintell"
19769595,"Hadoop",18060,"hadoop"
19769595,"Big Data",18062,"big-data"
19769595,"Machine Learning",29971,"machine-learning"
19769595,"Data Analytics",30928,"data-analytics"
19769595,"Data Visualization",37381,"data-visualization"
19769595,"Predictive Analytics",38458,"predictive-analytics"
19769595,"Data Mining",55324,"data-mining"
19769595,"Business Analytics",98842,"business-analytics"
19769595,"Data Science",102811,"data-science"
19769595,"Applied Statistics",115913,"applied-statistics"
19769595,"Big Data Analytics",383411,"big-data-analytics"
19769595,"Data Science using Python",1481522,"data-science-using-python"
1284862,"Open Source",563,"opensource"
1284862,"Software Development",3833,"softwaredev"
1284862,"New Technology",9696,"newtech"
1284862,"Web Technology",10209,"web"
1284862,"Data Management",10494,"datamanagement"
1284862,"Technology",10579,"technology"
1284862,"Software Engineering",16325,"software-engineering"
1284862,"Big Data",18062,"big-data"
1284862,"High Scalability Computing",24410,"high-scalability-computing"
1284862,"Data Analytics",30928,"data-analytics"
1284862,"Computer programming",48471,"computer-programming"
1284862,"Software Architecture",56473,"software-architecture"
1284862,"NoSQL",58162,"nosql"
1284862,"New Product Development: Software & Tech",62946,"new-product-development-software-tech"
1284862,"MongoDB",121802,"mongodb"
8339712,"Business Intelligence",10538,"businessintell"
8339712,"Los Angeles",15475,"los-angeles"
8339712,"SEO Search Engine Optimization - Los Angeles, CA",17083,"seo-search-engine-optimization-los-angeles-ca"
8339712,"Internet Marketing - Los Angeles, CA",17090,"internet-marketing-los-angeles-ca"
8339712,"Big Data",18062,"big-data"
8339712,"Business Intelligence Strategy",22620,"business-intelligence-strategy"
8339712,"Business Intelligence Best Practices",22622,"business-intelligence-best-practices"
8339712,"Predictive Analytics",38458,"predictive-analytics"
8339712,"Data Mining",55324,"data-mining"
8339712,"Business Analytics",98842,"business-analytics"
8339712,"Big Data Analytics",383411,"big-data-analytics"
8339712,"Data Warehousing",393271,"data-warehousing"
8339712,"Big Data for social media",1056662,"big-data-for-social-media"
18551045,"Enterprise Architecture",3354,"entarchitecture"
18551045,"Data Management",10494,"datamanagement"
18551045,"Business Intelligence",10538,"businessintell"
18551045,"Big Data",18062,"big-data"
18551045,"Master Data Management",133002,"master-data-management"
18551045,"Data Quality",173332,"data-quality"
18551045,"Data Governance",173333,"data-governance"
18551045,"Data Architecture",358011,"data-architecture"
18551045,"Data Integration",1189312,"data-integration"
18551045,"Data Modeling",1439452,"data-modeling"
18551045,"Data Strategy",1440562,"data-strategy"
19586319,"Web Design",659,"webdesign"
19586319,"Software Development",3833,"softwaredev"
19586319,"New Technology",9696,"newtech"
19586319,"Technology",10579,"technology"
19586319,"Web Development",15582,"web-development"
19586319,"Big Data",18062,"big-data"
19586319,"Mobile Development",21441,"mobile-development"
19586319,"Machine Learning",29971,"machine-learning"
19586319,"HTML5",78565,"html5"
19586319,"Technology Startups",108403,"technology-startups"
19586319,"Internet Startups",128595,"internet-startups"
4507922,"Cloud Computing",15167,"cloud-computing"
4507922,"Hadoop",18060,"hadoop"
4507922,"Amazon Web Services",20398,"amazon-web-services"
4507922,"Lean Startup",38660,"lean-startup"
4507922,"AWS Programming and Tools",1237482,"aws-programming-and-tools"
18760921,"Hadoop",18060,"hadoop"
18760921,"Big Data",18062,"big-data"
18760921,"Yarn",19920,"yarn"
18760921,"Machine Learning",29971,"machine-learning"
18760921,"NoSQL",58162,"nosql"
18760921,"Hive",61679,"hive"
18760921,"HBase",61680,"hbase"
18760921,"Internet of Things",79740,"internet-of-things"
18760921,"Data Science",102811,"data-science"
18760921,"Apache Pig",233811,"apache-pig"
18760921,"Apache Spark",1471442,"apache-spark"
18760921,"Apache Storm",1481542,"apache-storm"
18760921,"Apache Kafka",1488792,"apache-kafka"
18760921,"Hortonworks",1508808,"hortonworks"
1740420,"Artificial Intelligence",456,"ai"
1740420,"Open Source",563,"opensource"
1740420,"Robotics",682,"robotics"
1740420,"Electronics",7848,"electronics"
1740420,"Microcontrollers",9903,"microcontroller"
1740420,"Machine Learning",29971,"machine-learning"
1740420,"Building Robots For The Home",36130,"building-robots-for-the-home"
1740420,"Arduino",39012,"arduino"
1740420,"Robots",72762,"robots"
1740420,"Personal robots",113888,"personal-robots"
1740420,"Humanoid Robots",135858,"humanoid-robots"
1740420,"NAO Developers",903062,"nao-developers"
19505954,"Artificial Intelligence",456,"ai"
19505954,"Robotics",682,"robotics"
19505954,"Avatars",15041,"avatars"
19505954,"Augmented Reality",26061,"augmented-reality"
19505954,"Virtual Reality",26062,"virtual-reality"
19505954,"Machine Learning",29971,"machine-learning"
19505954,"The Future of Video Games",32995,"the-future-of-video-games"
19505954,"Social Augmented Reality",68717,"social-augmented-reality"
19505954,"Human-Computer Interaction",71162,"human-computer-interaction"
19505954,"Internet of Things",79740,"internet-of-things"
19505954,"Virtual Worlds",90683,"virtual-worlds"
19505954,"Character Animation",1420132,"character-animation"
16331552,"Open Source",563,"opensource"
16331552,"Software Development",3833,"softwaredev"
16331552,"Web Performance",15091,"web-performance"
16331552,"Web Development",15582,"web-development"
16331552,"Entrepreneurship",19882,"entrepreneurship"
16331552,"Mobile Development",21441,"mobile-development"
16331552,"Data Analytics",30928,"data-analytics"
16331552,"New Relic",1490632,"new-relic"
1640738,"Data Management",10494,"datamanagement"
1640738,"Business Intelligence",10538,"businessintell"
1640738,"Web Analytics",24439,"web-analytics"
1640738,"Machine Learning",29971,"machine-learning"
1640738,"Text Analytics",29972,"text-analytics"
1640738,"Data Analytics",30928,"data-analytics"
1640738,"Predictive Analytics",38458,"predictive-analytics"
1640738,"Statistical Consulting",54385,"statistical-consulting"
1640738,"Data Mining",55324,"data-mining"
1640738,"Predictive Modeling",65734,"predictive-modeling"
1640738,"Statistical Education",93049,"statistical-education"
1640738,"R Project for Statistical Computing",98380,"r-project-for-statistical-computing"
1640738,"Business Analytics",98842,"business-analytics"
1640738,"Research Methods",98843,"research-methods"
19777834,"Linux",188,"linux"
19777834,"JavaScript",7029,"javascript"
19777834,"Web Technology",10209,"web"
19777834,"Technology",10579,"technology"
19777834,"Web Performance",15091,"web-performance"
19777834,"Web Development",15582,"web-development"
19777834,"Android Development",20346,"android-developers"
19777834,"Mobile Development",21441,"mobile-development"
19777834,"Objective C",21477,"objective-c"
19777834,"PHP Application Development",23837,"php-application-development"
19777834,"NoSQL",58162,"nosql"
19777834,"iOS Development",127567,"ios-development"
19777834,"Xcode",1463272,"xcode"
19777834,"Swift Language",1486112,"swift-language"
18218796,"Data Management",10494,"datamanagement"
18218796,"Business Intelligence",10538,"businessintell"
18218796,"Big Data",18062,"big-data"
18218796,"Data Visualization",37381,"data-visualization"
18218796,"Predictive Analytics",38458,"predictive-analytics"
18218796,"Data Mining",55324,"data-mining"
18218796,"Business Analytics",98842,"business-analytics"
18218796,"Data Science",102811,"data-science"
18218796,"ETL",126345,"etl"
18218796,"Big Data Analytics",383411,"big-data-analytics"
18218796,"Data Integration",1189312,"data-integration"
18218796,"Data Warehouse",1413652,"data-warehouse"
18955144,"Web Technology",10209,"web"
18955144,"Data Management",10494,"datamanagement"
18955144,"Business Intelligence",10538,"businessintell"
18955144,"Business Strategy",17635,"business-strategy"
18955144,"Big Data",18062,"big-data"
18955144,"Business Intelligence Strategy",22620,"business-intelligence-strategy"
18955144,"Business Intelligence Best Practices",22622,"business-intelligence-best-practices"
18955144,"Data Visualization",37381,"data-visualization"
18955144,"Predictive Analytics",38458,"predictive-analytics"
18955144,"Data Mining",55324,"data-mining"
18955144,"Business Intelligence in Cloud",87886,"business-intelligence-in-cloud"
18955144,"Business Analytics",98842,"business-analytics"
18955144,"Business Intelligence Tools and Technology",148287,"business-intelligence-tools-and-technology"
18955144,"Business Intelligence Data Warehousing",579452,"business-intelligence-data-warehousing"
18955144,"Agile Data Warehousing and Business Intelligence",1255132,"agile-data-warehousing-and-business-intelligence"
19116850,"Robotics",682,"robotics"
19116850,"Software Development",3833,"softwaredev"
19116850,"Big Data",18062,"big-data"
19116850,"Machine Learning",29971,"machine-learning"
19116850,"Predictive Analytics",38458,"predictive-analytics"
19116850,"Data Mining",55324,"data-mining"
19116850,"NoSQL",58162,"nosql"
19116850,"Predictive Modeling",65734,"predictive-modeling"
19116850,"Artificial Intelligence Applications",90163,"artificial-intelligence-applications"
19116850,"Machine Intelligence",98137,"machine-intelligence"
19116850,"Data Science",102811,"data-science"
19116850,"Big Data Analytics",383411,"big-data-analytics"
19116850,"Deep Learning",1456952,"deep-learning"
19116850,"Industrial Internet of Things",1505320,"industrial-internet-of-things"
19116850,"TensorFlow",1508160,"tensorflow"
19345716,"Artificial Intelligence",456,"ai"
19345716,"Robotics",682,"robotics"
19345716,"Semantic Web",1372,"semweb"
19345716,"Education & Technology",7203,"edtech"
19345716,"New Technology",9696,"newtech"
19345716,"Big Data",18062,"big-data"
19345716,"Learning",18296,"learning"
19345716,"Machine Learning",29971,"machine-learning"
19345716,"neural networks",39679,"neural-networks"
19345716,"Internet of Things",79740,"internet-of-things"
19345716,"Data Science",102811,"data-science"
19345716,"Artificial Intelligence Machine Learning Robotics",1448582,"artificial-intelligence-machine-learning-robotics"
19345716,"Deep Learning",1456952,"deep-learning"
20079413,"Big Data",18062,"big-data"
20079413,"Sales Leads",49339,"sales-leads"
20079413,"B2B",55288,"b2b"
20079413,"Data Mining",55324,"data-mining"
20079413,"Technology Startups",108403,"technology-startups"
20079413,"Web Crawling And Scraping",764722,"web-crawling-and-scraping"
18982711,"Artificial Intelligence",456,"ai"
18982711,"New Technology",9696,"newtech"
18982711,"Technology",10579,"technology"
18982711,"Entrepreneurship",19882,"entrepreneurship"
18982711,"Machine Learning",29971,"machine-learning"
18982711,"Internet of Things",79740,"internet-of-things"
18982711,"Contextual Advertising",116891,"contextual-advertising"
18982711,"Contextual Technology",1507185,"contextual-technology"
18982711,"Contextual Computing",1507186,"contextual-computing"
9015612,"Artificial Intelligence",456,"ai"
9015612,"Open Source",563,"opensource"
9015612,"Software Development",3833,"softwaredev"
9015612,"Big Data",18062,"big-data"
9015612,"Machine Learning",29971,"machine-learning"
9015612,"Data Analytics",30928,"data-analytics"
9015612,"Data Visualization",37381,"data-visualization"
9015612,"Open Data",60043,"open-data"
9015612,"Internet of Things",79740,"internet-of-things"
9015612,"Data Science",102811,"data-science"
9015612,"Technology Startups",108403,"technology-startups"
9015612,"Big Data Analytics",383411,"big-data-analytics"
9015612,"Deep Learning",1456952,"deep-learning"
9015612,"Apache Spark",1471442,"apache-spark"
18346805,"Statistical Computing",15280,"statistical-computing"
18346805,"Data Analytics",30928,"data-analytics"
18346805,"Data Visualization",37381,"data-visualization"
18346805,"Data Mining",55324,"data-mining"
18346805,"R Project for Statistical Computing",98380,"r-project-for-statistical-computing"
18346805,"Data Science",102811,"data-science"
18346805,"Data Analysis and Modeling",110935,"data-analysis-and-modeling"
20382018,"Open Source",563,"opensource"
20382018,"Women in Technology",10296,"witi"
20382018,"Statistical Computing",15280,"statistical-computing"
20382018,"Programming Languages",17628,"programming-languages"
20382018,"Big Data",18062,"big-data"
20382018,"Data Analytics",30928,"data-analytics"
20382018,"Women Programmers",45181,"women-programmers"
20382018,"Data Mining",55324,"data-mining"
20382018,"R Project for Statistical Computing",98380,"r-project-for-statistical-computing"
20382018,"Data Science",102811,"data-science"
20382018,"Programming in R",115768,"programming-in-r"
20382018,"Applied Statistics",115913,"applied-statistics"
20382018,"statistical programming",133584,"statistical-programming"
20382018,"Big Data Analytics",383411,"big-data-analytics"
20232015,"Open Source",563,"opensource"
20232015,"Business Intelligence",10538,"businessintell"
20232015,"Hadoop",18060,"hadoop"
20232015,"Big Data",18062,"big-data"
20232015,"Data Analytics",30928,"data-analytics"
20232015,"Business Analytics",98842,"business-analytics"
20232015,"Big Data Analytics",383411,"big-data-analytics"
8433492,"Business Intelligence",10538,"businessintell"
8433492,"Cloud Computing",15167,"cloud-computing"
8433492,"Mobile Technology",16216,"mobile-technology"
8433492,"Hadoop",18060,"hadoop"
8433492,"Big Data",18062,"big-data"
8433492,"Mobile Development",21441,"mobile-development"
8433492,"Agile Project Management",21549,"agile-project-management"
8433492,"Business Intelligence Best Practices",22622,"business-intelligence-best-practices"
8433492,"Data Analytics",30928,"data-analytics"
8433492,"Data Visualization",37381,"data-visualization"
8433492,"Business Analytics",98842,"business-analytics"
8433492,"Big Data Analytics",383411,"big-data-analytics"
8433492,"Data Warehousing",393271,"data-warehousing"
19662167,"Open Source",563,"opensource"
19662167,"Python",1064,"python"
19662167,"Education & Technology",7203,"edtech"
19662167,"Big Data",18062,"big-data"
19662167,"Data Analytics",30928,"data-analytics"
19662167,"Pasadena",39868,"pasadena"
19662167,"Raspberry Pi",1216152,"raspberry-pi"
7751512,"Ruby",1040,"ruby"
7751512,"Marketing",1238,"marketing"
7751512,"Software Development",3833,"softwaredev"
7751512,"Interaction Design",10110,"ixd"
7751512,"Business Intelligence",10538,"businessintell"
7751512,"Business Strategy",17635,"business-strategy"
7751512,"Hadoop",18060,"hadoop"
7751512,"Big Data",18062,"big-data"
7751512,"User Experience",19243,"user-experience"
7751512,"Entrepreneurship",19882,"entrepreneurship"
7751512,"Machine Learning",29971,"machine-learning"
7751512,"Data Analytics",30928,"data-analytics"
7751512,"Data Visualization",37381,"data-visualization"
7751512,"Predictive Analytics",38458,"predictive-analytics"
7751512,"Data Mining",55324,"data-mining"
19125596,"Open Source",563,"opensource"
19125596,"New Technology",9696,"newtech"
19125596,"Cloud Computing",15167,"cloud-computing"
19125596,"Hadoop",18060,"hadoop"
19125596,"Big Data",18062,"big-data"
19125596,"Amazon Web Services",20398,"amazon-web-services"
19125596,"MapReduce",27591,"mapreduce"
19125596,"Machine Learning",29971,"machine-learning"
19125596,"Predictive Analytics",38458,"predictive-analytics"
19125596,"NoSQL",58162,"nosql"
19125596,"Big Data Analytics",383411,"big-data-analytics"
19125596,"Stream Processing",1438362,"stream-processing"
19125596,"Apache Storm",1481542,"apache-storm"
19125596,"Apache Kafka",1488792,"apache-kafka"
19125596,"Apache Apex",1507846,"apache-apex"
19787620,"Open Source",563,"opensource"
19787620,"New Technology",9696,"newtech"
19787620,"Cloud Computing",15167,"cloud-computing"
19787620,"Hadoop",18060,"hadoop"
19787620,"Big Data",18062,"big-data"
19787620,"MapReduce",27591,"mapreduce"
19787620,"Data Analytics",30928,"data-analytics"
19787620,"Data Visualization",37381,"data-visualization"
19787620,"Predictive Analytics",38458,"predictive-analytics"
19787620,"Internet of Things",79740,"internet-of-things"
19787620,"Stream Processing",1438362,"stream-processing"
19787620,"Apache Spark",1471442,"apache-spark"
19787620,"Apache Kafka",1488792,"apache-kafka"
19787620,"Apache Apex",1507846,"apache-apex"
19787620,"Big Data Ingestion",1507853,"big-data-ingestion"
18916202,"Software Development",3833,"softwaredev"
18916202,"Professional Development",3880,"prodev"
18916202,"New Technology",9696,"newtech"
18916202,"Web Technology",10209,"web"
18916202,"Young Professionals",15231,"young-professionals"
18916202,"Los Angeles",15475,"los-angeles"
18916202,"Small Business Owners",20743,"small-business-owners"
18916202,"Data Analytics",30928,"data-analytics"
18916202,"Computer programming",48471,"computer-programming"
14284652,"Artificial Intelligence",456,"ai"
14284652,"Open Source",563,"opensource"
14284652,"Robotics",682,"robotics"
14284652,"Software Development",3833,"softwaredev"
14284652,"New Technology",9696,"newtech"
14284652,"Web Technology",10209,"web"
14284652,"Cloud Computing",15167,"cloud-computing"
14284652,"Statistical Computing",15280,"statistical-computing"
14284652,"Web Development",15582,"web-development"
14284652,"Hadoop",18060,"hadoop"
14284652,"Big Data",18062,"big-data"
14284652,"Computer Science",21751,"computer-science"
14284652,"Data Analytics",30928,"data-analytics"
14284652,"Computer programming",48471,"computer-programming"
14284652,"Cognitive Science",63863,"cognitive-science"
19742063,"Linux",188,"linux"
19742063,"Python",1064,"python"
19742063,"Software Development",3833,"softwaredev"
19742063,"Web Technology",10209,"web"
19742063,"PostgreSQL",10361,"postgresql"
19742063,"Django",10553,"django"
19742063,"Web Development",15582,"web-development"
19742063,"Programming Languages",17628,"programming-languages"
19742063,"Big Data",18062,"big-data"
19742063,"Computer programming",48471,"computer-programming"
19742063,"NoSQL",58162,"nosql"
19742063,"Python Web Development",917242,"python-web-development"
19742063,"Open source python",917262,"open-source-python"
19742063,"AngularJS",939612,"angularjs"
10468212,"JavaScript",7029,"javascript"
10468212,"Business Intelligence",10538,"businessintell"
10468212,"Big Data",18062,"big-data"
10468212,"Machine Learning",29971,"machine-learning"
10468212,"Data Analytics",30928,"data-analytics"
10468212,"Data Visualization",37381,"data-visualization"
10468212,"Predictive Analytics",38458,"predictive-analytics"
10468212,"Visual Arts",44750,"visual-arts"
10468212,"Data Mining",55324,"data-mining"
10468212,"R Project for Statistical Computing",98380,"r-project-for-statistical-computing"
10468212,"Business Analytics",98842,"business-analytics"
10468212,"Data Science",102811,"data-science"
10468212,"Tableau",168154,"tableau"
10468212,"Big Data Analytics",383411,"big-data-analytics"
10468212,"d3.js",921262,"d3-js"
17968702,"Open Source",563,"opensource"
17968702,"Web Development",15582,"web-development"
17968702,"Open Government",17619,"open-government"
17968702,"Big Data",18062,"big-data"
17968702,"Data Analytics",30928,"data-analytics"
17968702,"Civic Engagement",37181,"civic-engagement"
17968702,"Data Visualization",37381,"data-visualization"
17968702,"Makers",43887,"makers"
17968702,"Computer programming",48471,"computer-programming"
17968702,"Data Mining",55324,"data-mining"
17968702,"Open Data",60043,"open-data"
17968702,"Data Science",102811,"data-science"
17968702,"Civic Hacking",599072,"civic-hacking"
17968702,"Civic Engagement & Technology",728662,"civic-engagement-technology"
17968702,"Code For America",1363162,"code-for-america"
19943316,"Small Business",389,"smallbiz"
19943316,"Business Strategy",17635,"business-strategy"
19943316,"Entrepreneurship",19882,"entrepreneurship"
19943316,"Data Analytics",30928,"data-analytics"
19943316,"Data Science",102811,"data-science"
19943316,"Data",480642,"data"
19152250,"Business Intelligence",10538,"businessintell"
19152250,"Hadoop",18060,"hadoop"
19152250,"Big Data",18062,"big-data"
19152250,"High Scalability Computing",24410,"high-scalability-computing"
19152250,"Machine Learning",29971,"machine-learning"
19152250,"Data Analytics",30928,"data-analytics"
19152250,"Data Visualization",37381,"data-visualization"
19152250,"Predictive Analytics",38458,"predictive-analytics"
19152250,"Data Mining",55324,"data-mining"
19152250,"Business Analytics",98842,"business-analytics"
19152250,"Data Science",102811,"data-science"
19152250,"Big Data Analytics",383411,"big-data-analytics"
19152250,"What's new with BIG DATA?",601702,"whats-new-with-big-data"
19152250,"Big Data Developers",1482272,"big-data-developers"
19565119,"Astronomy",485,"astronomy"
19565119,"Robotics",682,"robotics"
19565119,"Software Development",3833,"softwaredev"
19565119,"Space Exploration",5933,"space"
19565119,"Rocketry",10284,"rocketry"
19565119,"Visual Communication",16224,"visual-communication"
19565119,"User Experience",19243,"user-experience"
19565119,"Data Analytics",30928,"data-analytics"
19565119,"Astrophysics",34455,"astrophysics"
19565119,"Data Visualization",37381,"data-visualization"
19565119,"Space Science",70677,"space-science"
19565119,"NASA",78890,"nasa"
19565119,"Data Science",102811,"data-science"
19565119,"Space Flight",240721,"space-flight"
19565119,"Aerospace and Aeronautics",887122,"aerospace-and-aeronautics"
19996541,"Machine Learning",29971,"machine-learning"
19996541,"Data Analytics",30928,"data-analytics"
19996541,"Data Visualization",37381,"data-visualization"
19996541,"Predictive Analytics",38458,"predictive-analytics"
19996541,"Data Mining",55324,"data-mining"
19996541,"Big Data Analytics",383411,"big-data-analytics"
1310600,"Open Source",563,"opensource"
1310600,"MySQL",789,"mysql"
1310600,"Database Professionals",1245,"databasepro"
1310600,"Software Development",3833,"softwaredev"
1310600,"New Technology",9696,"newtech"
1310600,"Internet Professionals",10102,"internetpro"
1310600,"LAMP",10164,"lampsoftware"
1310600,"Web Technology",10209,"web"
1310600,"Technology",10579,"technology"
1310600,"Web Development",15582,"web-development"
1310600,"Big Data",18062,"big-data"
1310600,"Database Development",21506,"database-development"
1310600,"CMS (Content Management Systems)",28990,"cms"
1310600,"Data Analytics",30928,"data-analytics"
1310600,"Computer programming",48471,"computer-programming"
1767817,"Hadoop",18060,"hadoop"
1767817,"Big Data",18062,"big-data"
1767817,"MapReduce",27591,"mapreduce"
1767817,"Machine Learning",29971,"machine-learning"
1767817,"Data Analytics",30928,"data-analytics"
1767817,"Data Mining",55324,"data-mining"
1767817,"NoSQL",58162,"nosql"
1767817,"Hive",61679,"hive"
1767817,"HBase",61680,"hbase"
1767817,"Data Science",102811,"data-science"
1767817,"Using Hadoop in the cloud",140255,"using-hadoop-in-the-cloud"
1767817,"Pig and Hadoop",149893,"pig-and-hadoop"
1767817,"Big Data Analytics",383411,"big-data-analytics"
3378572,"Open Source",563,"opensource"
3378572,"Python",1064,"python"
3378572,"Web Technology",10209,"web"
3378572,"Technology",10579,"technology"
3378572,"Cloud Computing",15167,"cloud-computing"
3378572,"Big Data",18062,"big-data"
3378572,"Amazon Web Services",20398,"amazon-web-services"
3378572,"Virtualization",20479,"virtualization"
3378572,"IaaS (Infrastructure as a Service)",107633,"iaas-infrastructure-as-a-service"
3378572,"OpenStack",142180,"openstack"
3378572,"IT Professionals",164111,"it-professionals"
3378572,"Cloud Storage",291351,"cloud-storage"
3378572,"Cloud Networking",509242,"cloud-networking"
14621762,"Software Development",3833,"softwaredev"
14621762,"Social Networking",4422,"socialnetwork"
14621762,"New Technology",9696,"newtech"
14621762,"Technology",10579,"technology"
14621762,"Cloud Computing",15167,"cloud-computing"
14621762,"Business Referral Networking",15405,"business-referral-networking"
14621762,"Information Technology",15568,"information-technology"
14621762,"Entrepreneurship",19882,"entrepreneurship"
14621762,"Technology Professionals",22203,"technology-professionals"
14621762,"Service Providers",59081,"service-providers"
14621762,"Technology Startups",108403,"technology-startups"
14621762,"IT Professionals",164111,"it-professionals"
14621762,"Big Data Analytics",383411,"big-data-analytics"
14621762,"Datacenter virtualization",1436362,"datacenter-virtualization"
4862352,"Database Professionals",1245,"databasepro"
4862352,"XML",1512,"xml"
4862352,"Hadoop",18060,"hadoop"
4862352,"Big Data",18062,"big-data"
4862352,"XSLT",22601,"xslt"
4862352,"NoSQL",58162,"nosql"
4862352,"MarkLogic",81917,"marklogic"
4862352,"XQuery",99912,"xquery"
4862352,"document databases",163659,"document-databases"
3558292,"Java",189,"java"
3558292,"PHP",455,"php"
3558292,"Ruby",1040,"ruby"
3558292,"Information Architecture",1369,"ia"
3558292,"Software Development",3833,"softwaredev"
3558292,"LAMP",10164,"lampsoftware"
3558292,"Technology",10579,"technology"
3558292,"Downtown Los Angeles",17790,"downtown-los-angeles"
3558292,"Big Data",18062,"big-data"
3558292,"Entrepreneurship",19882,"entrepreneurship"
3558292,"Database Development",21506,"database-development"
3558292,"iOS Development",127567,"ios-development"
3558292,"Internet Startups",128595,"internet-startups"
3558292,"HTML 5/CSS3",601332,"html-5-css3"
19484565,"Data Management",10494,"datamanagement"
19484565,"Business Intelligence",10538,"businessintell"
19484565,"Hadoop",18060,"hadoop"
19484565,"Big Data",18062,"big-data"
19484565,"Machine Learning",29971,"machine-learning"
19484565,"Data Analytics",30928,"data-analytics"
19484565,"Data Visualization",37381,"data-visualization"
19484565,"Predictive Analytics",38458,"predictive-analytics"
19484565,"Data Mining",55324,"data-mining"
19484565,"NoSQL",58162,"nosql"
19484565,"Real Time Analytics",87938,"real-time-analytics"
19484565,"Business Analytics",98842,"business-analytics"
19484565,"Data Science",102811,"data-science"
19484565,"Advanced Analytics",158166,"advanced-analytics"
19484565,"Big Data Analytics",383411,"big-data-analytics"
10651542,"Database Professionals",1245,"databasepro"
10651542,"SQL Server",7463,"sqlserver"
10651542,"Microsoft Windows",10105,"mswindows"
10651542,"Big Data",18062,"big-data"
10651542,"Business Intelligence Best Practices",22622,"business-intelligence-best-practices"
10651542,"Database Design & Development",28205,"database-design-development"
10651542,"SQL",33167,"sql"
10651542,"Microsoft Technology",99537,"microsoft-technology"
10651542,"SQL Integration Services",133507,"sql-integration-services"
10651542,"SQL Server Data Mining",146468,"sql-server-data-mining"
10651542,"SQL Server Azure",150163,"sql-server-azure"
10651542,"Data Warehousing",393271,"data-warehousing"
10651542,"SQL Server Web Services + More Data Access Methods",640372,"sql-server-web-services-more-data-access-methods"
1414043,"Open Source",563,"opensource"
1414043,"Data Management",10494,"datamanagement"
1414043,"Business Intelligence",10538,"businessintell"
1414043,"Big Data",18062,"big-data"
1414043,"Web Analytics",24439,"web-analytics"
1414043,"Machine Learning",29971,"machine-learning"
1414043,"Data Analytics",30928,"data-analytics"
1414043,"Data Visualization",37381,"data-visualization"
1414043,"Predictive Analytics",38458,"predictive-analytics"
1414043,"Statistical Consulting",54385,"statistical-consulting"
1414043,"Data Mining",55324,"data-mining"
1414043,"R Project for Statistical Computing",98380,"r-project-for-statistical-computing"
1414043,"Time Series Analysis",100191,"time-series-analysis"
1414043,"Data Science",102811,"data-science"
17627552,"Java",189,"java"
17627552,"Software Development",3833,"softwaredev"
17627552,"Business Intelligence",10538,"businessintell"
17627552,"Hadoop",18060,"hadoop"
17627552,"Functional Programming",22792,"functional-programming"
17627552,"High Scalability Computing",24410,"high-scalability-computing"
17627552,"Machine Learning",29971,"machine-learning"
17627552,"Data Visualization",37381,"data-visualization"
17627552,"Data Mining",55324,"data-mining"
17627552,"Software Architecture",56473,"software-architecture"
17627552,"NoSQL",58162,"nosql"
17627552,"Data Science",102811,"data-science"
17627552,"Scalability",490192,"scalability"
17627552,"Lambdas",973472,"lambdas"
17627552,"Apache Storm",1481542,"apache-storm"
20182683,"Data Analytics",30928,"data-analytics"
18240420,"Open Source",563,"opensource"
18240420,"System Administration",2109,"sysadmin"
18240420,"New Technology",9696,"newtech"
18240420,"Cloud Computing",15167,"cloud-computing"
18240420,"Big Data",18062,"big-data"
18240420,"Virtualization",20479,"virtualization"
18240420,"Data Center Colocation",24514,"data-center-colocation"
18240420,"Data Analytics",30928,"data-analytics"
18240420,"Operations and Data Center Management",46817,"operations-and-data-center-management"
18240420,"Data Center and Operations Automation",46831,"data-center-and-operations-automation"
18240420,"Data Center Networking and Design",65735,"data-center-networking-and-design"
18240420,"Data Center, Virtualization",71370,"data-center-virtualization"
18240420,"DevOps",87614,"devops"
18240420,"IaaS (Infrastructure as a Service)",107633,"iaas-infrastructure-as-a-service"
18224552,"New Technology",9696,"newtech"
18224552,"Business Intelligence",10538,"businessintell"
18224552,"Cloud Computing",15167,"cloud-computing"
18224552,"Hadoop",18060,"hadoop"
18224552,"Big Data",18062,"big-data"
18224552,"High Scalability Computing",24410,"high-scalability-computing"
18224552,"MapReduce",27591,"mapreduce"
18224552,"Machine Learning",29971,"machine-learning"
18224552,"Data Analytics",30928,"data-analytics"
18224552,"Data Visualization",37381,"data-visualization"
18224552,"Predictive Analytics",38458,"predictive-analytics"
18224552,"Data Mining",55324,"data-mining"
18224552,"NoSQL",58162,"nosql"
18224552,"Data Science",102811,"data-science"
18224552,"Big Data Analytics",383411,"big-data-analytics"
19787696,"New Technology",9696,"newtech"
19787696,"Cloud Computing",15167,"cloud-computing"
19787696,"Hadoop",18060,"hadoop"
19787696,"Big Data",18062,"big-data"
19787696,"Amazon Web Services",20398,"amazon-web-services"
19787696,"MapReduce",27591,"mapreduce"
19787696,"Machine Learning",29971,"machine-learning"
19787696,"Data Analytics",30928,"data-analytics"
19787696,"NoSQL",58162,"nosql"
19787696,"Big Data Analytics",383411,"big-data-analytics"
19787696,"Stream Processing",1438362,"stream-processing"
19787696,"Apache Spark",1471442,"apache-spark"
19787696,"Apache Storm",1481542,"apache-storm"
19787696,"Apache Kafka",1488792,"apache-kafka"
19787696,"Apache Apex",1507846,"apache-apex"
20100020,"Business Intelligence",10538,"businessintell"
20100020,"Big Data",18062,"big-data"
20100020,"Data Analytics",30928,"data-analytics"
20100020,"Data Visualization",37381,"data-visualization"
20100020,"Predictive Analytics",38458,"predictive-analytics"
20100020,"Data Mining",55324,"data-mining"
20100020,"Data Science",102811,"data-science"
20100020,"Data Analysis and Modeling",110935,"data-analysis-and-modeling"
20100020,"Big Data Analytics",383411,"big-data-analytics"
20100020,"Data Analysis",890232,"data-analysis"
3606762,"Open Source",563,"opensource"
3606762,"Ruby",1040,"ruby"
3606762,"Software Development",3833,"softwaredev"
3606762,"JavaScript",7029,"javascript"
3606762,"Web Technology",10209,"web"
3606762,"Web Development",15582,"web-development"
3606762,"Ruby On Rails",20837,"ruby-on-rails"
3606762,"High Scalability Computing",24410,"high-scalability-computing"
3606762,"Computer programming",48471,"computer-programming"
18703291,"Artificial Intelligence",456,"ai"
18703291,"Hadoop",18060,"hadoop"
18703291,"Big Data",18062,"big-data"
18703291,"E-Learning",21274,"e-learning"
18703291,"Machine Learning",29971,"machine-learning"
18703291,"Data Analytics",30928,"data-analytics"
18703291,"Data Visualization",37381,"data-visualization"
18703291,"Predictive Analytics",38458,"predictive-analytics"
18703291,"neural networks",39679,"neural-networks"
18703291,"Data Mining",55324,"data-mining"
18703291,"Machine Intelligence",98137,"machine-intelligence"
18703291,"Data Science",102811,"data-science"
18703291,"Big Data Analytics",383411,"big-data-analytics"
18703291,"Artificial Intelligence Programming",745722,"artificial-intelligence-programming"
18703291,"Artificial Intelligence Machine Learning Robotics",1448582,"artificial-intelligence-machine-learning-robotics"
20237898,"Web Design",659,"webdesign"
20237898,"Software Development",3833,"softwaredev"
20237898,"Business Strategy",17635,"business-strategy"
20237898,"Big Data",18062,"big-data"
20237898,"User Experience",19243,"user-experience"
20237898,"Content Strategy",24417,"content-strategy"
20237898,"Content Management",26910,"content-management"
20237898,"Social Media Content",39018,"social-media-content"
20237898,"Content Development",85956,"content-development"
20237898,"Technology Startups",108403,"technology-startups"
20237898,"Content",117912,"content"
20237898,"Branded Content",404692,"branded-content"
20237898,"Content Creation & Curation for the Internet",1131262,"content-creation-curation-for-the-internet"
18515905,"Big Data",18062,"big-data"
18515905,"Healthcare IT",19076,"healthcare-it"
18515905,"Medical",19224,"medical"
18515905,"Healthcare Professionals",22572,"healthcare-professionals"
18515905,"Mobile Health",24709,"mobile-health"
18515905,"Medical Device Technology",27603,"medical-device-technology"
18515905,"BioInformatics",28034,"bioinformatics"
18515905,"Machine Learning",29971,"machine-learning"
18515905,"Health Information Technology",64276,"health-information-technology"
18515905,"Internet of Things",79740,"internet-of-things"
18515905,"Medical Devices",85235,"medical-devices"
18515905,"Data Science",102811,"data-science"
18515905,"Biotechnology",109595,"biotechnology"
18515905,"Healthcare Innovation",154951,"healthcare-innovation"
18515905,"Digital Health",154954,"digital-health"
17841602,"Java",189,"java"
17841602,"Gay",447,"gay"
17841602,"Ruby",1040,"ruby"
17841602,"Software Development",3833,"softwaredev"
17841602,"Gay Professionals",4270,"gaypros"
17841602,"LGBT",10050,"lgbtfriends"
17841602,"Mobile Technology",16216,"mobile-technology"
17841602,"Scala",17936,"scala"
17841602,"Android Development",20346,"android-developers"
17841602,"Amazon Web Services",20398,"amazon-web-services"
17841602,"Ruby On Rails",20837,"ruby-on-rails"
17841602,"Mobile Development",21441,"mobile-development"
17841602,"High Scalability Computing",24410,"high-scalability-computing"
17841602,"Computer programming",48471,"computer-programming"
17841602,"iOS Development",127567,"ios-development"
17511382,"Mobile Marketing",15208,"mobile-marketing"
17511382,"Customer Relationship Management",15241,"customer-relationship-management"
17511382,"CRM",15242,"crm"
17511382,"Business to Business",15501,"business-to-business"
17511382,"Social Media Marketing",17742,"social-media-marketing"
17511382,"User Experience",19243,"user-experience"
17511382,"SEO (Search Engine Optimization)",23199,"seo-search-engine-optimization"
17511382,"Predictive Analytics",38458,"predictive-analytics"
17511382,"PPC - Paid Search",41738,"ppc-paid-search"
17511382,"Marketing Automation",87729,"marketing-automation"
17511382,"Customer Experience",127127,"customer-experience"
17511382,"market research techniques",133667,"market-research-techniques"
17511382,"Big Data Analytics",383411,"big-data-analytics"
17511382,"B2B Marketing",904762,"b2b-marketing"
17511382,"B2B Content Marketing",922732,"b2b-content-marketing"
2724312,"Database Professionals",1245,"databasepro"
2724312,"Software Development",3833,"softwaredev"
2724312,"New Technology",9696,"newtech"
2724312,"Business Intelligence",10538,"businessintell"
2724312,"Hadoop",18060,"hadoop"
2724312,"Big Data",18062,"big-data"
2724312,"Database Development",21506,"database-development"
2724312,"Data Warehouses",30927,"data-warehouses"
2724312,"Data Analytics",30928,"data-analytics"
2724312,"Data Mining",55324,"data-mining"
2724312,"Data Analysis and Modeling",110935,"data-analysis-and-modeling"
2724312,"Massively Parallel Processing Databases",152816,"massively-parallel-processing-databases"
2724312,"Big Data Analytics",383411,"big-data-analytics"
2724312,"Vertica",420302,"vertica"
2724312,"Vertica Systems",745472,"vertica-systems"
19461593,"Linux",188,"linux"
19461593,"Open Source",563,"opensource"
19461593,"System Administration",2109,"sysadmin"
19461593,"Software Development",3833,"softwaredev"
19461593,"Red Hat",6768,"redhat"
19461593,"Hadoop",18060,"hadoop"
19461593,"Big Data",18062,"big-data"
19461593,"Servers",21717,"servers"
19461593,"Configuration Management",46810,"configuration-management"
19461593,"Data Center and Operations Automation",46831,"data-center-and-operations-automation"
19461593,"DevOps",87614,"devops"
19461593,"Linux Server",133353,"linux-server"
19461593,"OpenStack",142180,"openstack"
19461593,"Docker",1454542,"docker"
19461593,"CoreOS",1486432,"coreos"
18958304,"Software Development",3833,"softwaredev"
18958304,"Education & Technology",7203,"edtech"
18958304,"Statistical Computing",15280,"statistical-computing"
18958304,"Web Development",15582,"web-development"
18958304,"Open Government",17619,"open-government"
18958304,"Data Analytics",30928,"data-analytics"
18958304,"Data Visualization",37381,"data-visualization"
18958304,"Predictive Analytics",38458,"predictive-analytics"
18958304,"Computer programming",48471,"computer-programming"
18958304,"Data Mining",55324,"data-mining"
18958304,"Social Coding",90286,"social-coding"
18958304,"Data Science",102811,"data-science"
18958304,"Applied Statistics",115913,"applied-statistics"
18958304,"Big Data Analytics",383411,"big-data-analytics"
18958304,"Civic Engagement & Technology",728662,"civic-engagement-technology"
19718118,"System Administration",2109,"sysadmin"
19718118,"Electronics",7848,"electronics"
19718118,"New Technology",9696,"newtech"
19718118,"Supply Chain Management",10486,"scm"
19718118,"Big Data",18062,"big-data"
19718118,"Hardware Engineering",18813,"hardware-engineering"
19718118,"Servers",21717,"servers"
19718118,"High Scalability Computing",24410,"high-scalability-computing"
19718118,"Operations Management",61404,"operations-management"
19718118,"Procurement Management",74164,"procurement-management"
19718118,"computer hardware",86393,"computer-hardware"
19718118,"Hardware",86985,"hardware"
19718118,"Strategic Sourcing",133334,"strategic-sourcing"
19718118,"Free Software and Hardware",1383972,"free-software-and-hardware"
19718118,"Strategic Procurement",1477492,"strategic-procurement"
14416872,"Linux",188,"linux"
14416872,"EC2",15166,"ec2"
14416872,"Cloud Computing",15167,"cloud-computing"
14416872,"Big Data",18062,"big-data"
14416872,"Amazon Web Services",20398,"amazon-web-services"
14416872,"Virtualization",20479,"virtualization"
14416872,"Mobile Development",21441,"mobile-development"
14416872,"High Scalability Computing",24410,"high-scalability-computing"
14416872,"Data Analytics",30928,"data-analytics"
14416872,"SaaS (Software as a Service)",33089,"saas-software-as-a-service"
14416872,"NoSQL",58162,"nosql"
14416872,"IaaS (Infrastructure as a Service)",107633,"iaas-infrastructure-as-a-service"
14416872,"AWS S3",961842,"aws-s3"
18547691,"Linux",188,"linux"
18547691,"Open Source",563,"opensource"
18547691,"System Administration",2109,"sysadmin"
18547691,"Cloud Computing",15167,"cloud-computing"
18547691,"Virtualization",20479,"virtualization"
18547691,"High Scalability Computing",24410,"high-scalability-computing"
18547691,"Configuration Management",46810,"configuration-management"
18547691,"Data Center and Operations Automation",46831,"data-center-and-operations-automation"
18547691,"DevOps",87614,"devops"
18547691,"IaaS (Infrastructure as a Service)",107633,"iaas-infrastructure-as-a-service"
18547691,"Infrastructure as Code",126177,"infrastructure-as-code"
18547691,"Windows",160268,"windows"
18547691,"Continuous Delivery",166000,"continuous-delivery"
18547691,"Continuous Deployment",230351,"continuous-deployment"
18547691,"Docker",1454542,"docker"
20191724,"Artificial Intelligence",456,"ai"
20191724,"Big Data",18062,"big-data"
20191724,"Natural Language Processing",24553,"natural-language-processing"
20191724,"Data Visualization",37381,"data-visualization"
20191724,"Predictive Analytics",38458,"predictive-analytics"
20191724,"neural networks",39679,"neural-networks"
20191724,"Data Mining",55324,"data-mining"
20191724,"Artificial Intelligence Applications",90163,"artificial-intelligence-applications"
20191724,"Machine Intelligence",98137,"machine-intelligence"
20191724,"Data Science",102811,"data-science"
20191724,"Artificial General Intelligence",127757,"artificial-general-intelligence"
20191724,"Artificial Intelligence Programming",745722,"artificial-intelligence-programming"
20191724,"Artificial Intelligence Machine Learning Robotics",1448582,"artificial-intelligence-machine-learning-robotics"
20191724,"Deep Learning",1456952,"deep-learning"
12840432,"Java",189,"java"
12840432,"Mobile Technology",16216,"mobile-technology"
12840432,"Scala",17936,"scala"
12840432,"Android Development",20346,"android-developers"
12840432,"Amazon Web Services",20398,"amazon-web-services"
12840432,"Mobile Development",21441,"mobile-development"
12840432,"High Scalability Computing",24410,"high-scalability-computing"
12840432,"Application Development",36167,"application-development"
12840432,"iOS Development",127567,"ios-development"
12840432,"mobile application development",140635,"mobile-application-development"
12840432,"Android Mobile Applications",1040192,"android-mobile-applications"
12840432,"Mobile App Development",1068282,"mobile-app-development"
16041812,"Apache",190,"apache"
16041812,"Scala",17936,"scala"
16041812,"Hadoop",18060,"hadoop"
16041812,"Big Data",18062,"big-data"
16041812,"MapReduce",27591,"mapreduce"
16041812,"Machine Learning",29971,"machine-learning"
16041812,"Data Analytics",30928,"data-analytics"
16041812,"Data Mining",55324,"data-mining"
16041812,"HDFS",61682,"hdfs"
16041812,"APache HBase",1116052,"apache-hbase"
16041812,"Apache Hive",1116062,"apache-hive"
16041812,"Apache Spark",1471442,"apache-spark"
1631231,"Software Development",3833,"softwaredev"
1631231,"Web Development",15582,"web-development"
1631231,"Database Development",21506,"database-development"
1631231,"NoSQL",58162,"nosql"
